<annotation>
	<folder>dataset</folder>
	<filename>iloveyou_2.jpg</filename>
	<path>/home/lalah/Downloads/Sign_Language_Dataset/dataset_TFOD/dataset_TFOD/dataset/iloveyou_2.jpg</path>
	<source>
		<database>Unknown</database>
	</source>
	<size>
		<width>640</width>
		<height>480</height>
		<depth>3</depth>
	</size>
	<segmented>0</segmented>
	<object>
		<name>i_love_you</name>
		<pose>Unspecified</pose>
		<truncated>0</truncated>
		<difficult>0</difficult>
		<bndbox>
			<xmin>138</xmin>
			<ymin>172</ymin>
			<xmax>245</xmax>
			<ymax>340</ymax>
		</bndbox>
	</object>
</annotation>
