<annotation>
	<folder>dataset</folder>
	<filename>sorry_10.jpg</filename>
	<path>/home/lalah/Downloads/Sign_Language_Dataset/dataset_TFOD/dataset_TFOD/dataset/sorry_10.jpg</path>
	<source>
		<database>Unknown</database>
	</source>
	<size>
		<width>640</width>
		<height>480</height>
		<depth>3</depth>
	</size>
	<segmented>0</segmented>
	<object>
		<name>sorry</name>
		<pose>Unspecified</pose>
		<truncated>0</truncated>
		<difficult>0</difficult>
		<bndbox>
			<xmin>201</xmin>
			<ymin>292</ymin>
			<xmax>363</xmax>
			<ymax>445</ymax>
		</bndbox>
	</object>
</annotation>
