<annotation>
	<folder>dataset</folder>
	<filename>yes_5.jpg</filename>
	<path>/home/lalah/Downloads/Sign_Language_Dataset/dataset_TFOD/dataset_TFOD/dataset/yes_5.jpg</path>
	<source>
		<database>Unknown</database>
	</source>
	<size>
		<width>640</width>
		<height>480</height>
		<depth>3</depth>
	</size>
	<segmented>0</segmented>
	<object>
		<name>yes</name>
		<pose>Unspecified</pose>
		<truncated>0</truncated>
		<difficult>0</difficult>
		<bndbox>
			<xmin>133</xmin>
			<ymin>219</ymin>
			<xmax>261</xmax>
			<ymax>354</ymax>
		</bndbox>
	</object>
</annotation>
