<annotation>
	<folder>dataset</folder>
	<filename>you're welcome_6.jpg</filename>
	<path>/home/lalah/Downloads/Sign_Language_Dataset/dataset_TFOD/dataset_TFOD/dataset/you're welcome_6.jpg</path>
	<source>
		<database>Unknown</database>
	</source>
	<size>
		<width>640</width>
		<height>480</height>
		<depth>3</depth>
	</size>
	<segmented>0</segmented>
	<object>
		<name>you_are_welcome</name>
		<pose>Unspecified</pose>
		<truncated>0</truncated>
		<difficult>0</difficult>
		<bndbox>
			<xmin>161</xmin>
			<ymin>329</ymin>
			<xmax>389</xmax>
			<ymax>462</ymax>
		</bndbox>
	</object>
</annotation>
